{"twilight sparkle": {"aah": 0.8804562952784062, "element": 0.3521825181113625, "twilight": 0, "look": 0}, "applejack": {"aah": 0, "element": 0, "twilight": 1.4313637641589874, "look": 0}, "rarity": {"aah": 0.17609125905568124, "element": 0.17609125905568124, "twilight": 0, "look": 0.47712125471966244}}